insert into public.restaurants (
  id,
  slug,
  name,
  city,
  country_code,
  address,
  phone,
  hours,
  custom_link,
  google_place_id,
  google_review_url,
  whatsapp_number,
  default_language,
  tagline_tr,
  tagline_es,
  tagline_en,
  logo_image_url,
  cover_image_url,
  hero_video_url,
  social_links,
  theme,
  is_feedback_enabled,
  is_game_enabled,
  promo_enabled,
  promo_threshold
) values (
  '11111111-1111-1111-1111-111111111111',
  'real-kebab-istanbul',
  'Kebab Real Istanbul',
  'San Fernando',
  'ES',
  'C. Real, 204, 11100 San Fernando, Cádiz, Spain',
  '+34 612 58 28 37',
  'Mar-Jue 13:00-16:00 · 20:00-00:00 · Vie-Sáb hasta 00:30 · Dom hasta 00:00 · Lun cerrado',
  'https://www.realistanbul.es',
  '',
  'https://www.google.com/search?sa=X&sca_esv=1264130d37fc9ab6&sxsrf=ANbL-n7ewADy5m7bXPooo47dGDNtU5yIgQ:1777739716501&q=Kebab+Real+Istambul+Yorumlar&rflfq=1&num=20&stick=H4sIAAAAAAAAAONgkxK2NDE3sjQzMTQyMje1MDczMjAw3sDI-IpRxjs1KTFJISg1MUfBs7gkMTepNEchMr-oNDcnsWgRK15pAEyif5FYAAAA&rldimm=9472964122758762003&tbm=lcl&hl=tr-TR&ved=2ahUKEwjrk7jChJuUAxVaB9sEHWgZJuUQ9fQKegQIUBAG&biw=1536&bih=730&dpr=1.25#lkt=LocalPoiReviews',
  '34612582837',
  'es',
  'San Fernando''da gerçek İstanbul lezzeti.',
  'El auténtico sabor de Estambul en San Fernando.',
  'Authentic Istanbul flavor in San Fernando.',
  '/brand/real-istanbul-logo-luxe.png',
  '/brand/real-istanbul-hero-kebab.png',
  '',
  '[{"label":"Instagram","url":"https://www.instagram.com/realistanbul.es"}]'::jsonb,
  '{"primary":"#c9151b","accent":"#f5c542","fresh":"#138a50"}'::jsonb,
  true,
  true,
  false,
  90
) on conflict (id) do update set
  slug = excluded.slug,
  name = excluded.name,
  city = excluded.city,
  country_code = excluded.country_code,
  address = excluded.address,
  phone = excluded.phone,
  hours = excluded.hours,
  custom_link = excluded.custom_link,
  google_place_id = excluded.google_place_id,
  google_review_url = excluded.google_review_url,
  whatsapp_number = excluded.whatsapp_number,
  default_language = excluded.default_language,
  tagline_tr = excluded.tagline_tr,
  tagline_es = excluded.tagline_es,
  tagline_en = excluded.tagline_en,
  logo_image_url = excluded.logo_image_url,
  cover_image_url = excluded.cover_image_url,
  hero_video_url = excluded.hero_video_url,
  social_links = excluded.social_links,
  theme = excluded.theme,
  is_feedback_enabled = excluded.is_feedback_enabled,
  is_game_enabled = excluded.is_game_enabled,
  promo_enabled = excluded.promo_enabled,
  promo_threshold = excluded.promo_threshold;

insert into public.restaurant_tables (id, restaurant_id, code, label) values
  ('21111111-1111-1111-1111-111111111111', '11111111-1111-1111-1111-111111111111', 'masa-1', 'Masa 1'),
  ('22222222-2222-2222-2222-222222222222', '11111111-1111-1111-1111-111111111111', 'masa-2', 'Masa 2')
on conflict (restaurant_id, code) do update set
  label = excluded.label,
  is_active = true;

insert into public.restaurant_links (id, restaurant_id, kind, label, url, order_index) values
  ('51111111-1111-1111-1111-111111111111', '11111111-1111-1111-1111-111111111111', 'phone', 'Teléfono', 'tel:+34612582837', 10),
  ('52222222-2222-2222-2222-222222222222', '11111111-1111-1111-1111-111111111111', 'whatsapp', 'WhatsApp', 'https://wa.me/34612582837?text=Hola%2C%20quiero%20hacer%20un%20pedido.', 20),
  ('53333333-3333-3333-3333-333333333333', '11111111-1111-1111-1111-111111111111', 'maps', 'Google Maps', 'https://www.google.com/maps/search/?api=1&query=Kebab%20Real%20Istanbul%2C%20C.%20Real%20204%2C%2011100%20San%20Fernando%2C%20Cadiz%2C%20Spain', 30),
  ('54444444-4444-4444-4444-444444444444', '11111111-1111-1111-1111-111111111111', 'website', 'Web', 'https://www.realistanbul.es', 35),
  ('55555555-5555-5555-5555-555555555555', '11111111-1111-1111-1111-111111111111', 'reviews', 'Google Reviews', 'https://www.google.com/search?sa=X&sca_esv=1264130d37fc9ab6&sxsrf=ANbL-n7ewADy5m7bXPooo47dGDNtU5yIgQ:1777739716501&q=Kebab+Real+Istambul+Yorumlar&rflfq=1&num=20&stick=H4sIAAAAAAAAAONgkxK2NDE3sjQzMTQyMje1MDczMjAw3sDI-IpRxjs1KTFJISg1MUfBs7gkMTepNEchMr-oNDcnsWgRK15pAEyif5FYAAAA&rldimm=9472964122758762003&tbm=lcl&hl=tr-TR&ved=2ahUKEwjrk7jChJuUAxVaB9sEHWgZJuUQ9fQKegQIUBAG&biw=1536&bih=730&dpr=1.25#lkt=LocalPoiReviews', 40)
on conflict (id) do update set
  kind = excluded.kind,
  label = excluded.label,
  url = excluded.url,
  order_index = excluded.order_index,
  is_active = true;

insert into public.categories (id, restaurant_id, name_tr, name_es, name_en, order_index) values
  ('31111111-1111-1111-1111-111111111111', '11111111-1111-1111-1111-111111111111', 'Ana Yemekler', 'Principales', 'Mains', 10),
  ('32222222-2222-2222-2222-222222222222', '11111111-1111-1111-1111-111111111111', 'Tamamlayicilar / Fast Food', 'Complementos / Fast Food', 'Sides / Fast Food', 20),
  ('33333333-3333-3333-3333-333333333333', '11111111-1111-1111-1111-111111111111', 'Ozel Lezzetler', 'Especiales', 'Specials', 30),
  ('34444444-4444-4444-4444-444444444444', '11111111-1111-1111-1111-111111111111', 'Tatlilar', 'Postres', 'Desserts', 40),
  ('35555555-5555-5555-5555-555555555555', '11111111-1111-1111-1111-111111111111', 'Icecekler', 'Bebidas', 'Drinks', 50)
on conflict (id) do update set
  name_tr = excluded.name_tr,
  name_es = excluded.name_es,
  name_en = excluded.name_en,
  order_index = excluded.order_index,
  is_active = true;

insert into public.products (
  id,
  restaurant_id,
  category_id,
  name_tr,
  name_es,
  name_en,
  description_tr,
  description_es,
  description_en,
  price,
  currency,
  image_url,
  ingredients,
  allergens,
  calories,
  spice_level,
  badge_tr,
  badge_es,
  badge_en,
  is_signature,
  is_anchor,
  is_available,
  sales_priority,
  order_index
) values
  (
    '40000000-0000-0000-0000-000000000001',
    '11111111-1111-1111-1111-111111111111',
    '31111111-1111-1111-1111-111111111111',
    'Pilavli Et',
    'Carne con arroz',
    'Beef with rice',
    'Doner eti aromali pirinc pilavi ve taze salata ile.',
    'Carne kebab con arroz aromatico y ensalada fresca.',
    'Kebab meat with aromatic rice and fresh salad.',
    8.50,
    'EUR',
    '/brand/real-istanbul-hero-kebab.png',
    '{"tr":["et doner","pirinc","salata"],"es":["carne kebab","arroz","ensalada"],"en":["kebab meat","rice","salad"]}'::jsonb,
    '[]'::jsonb,
    760,
    1,
    'En Sevilen',
    'Mas pedido',
    'Most ordered',
    true,
    false,
    true,
    92,
    10
  ),
  (
    '40000000-0000-0000-0000-000000000002',
    '11111111-1111-1111-1111-111111111111',
    '31111111-1111-1111-1111-111111111111',
    'Etli Patates',
    'Patatas con carne',
    'Fries with meat',
    'Citir patates uzerinde kebap eti ve sos.',
    'Patatas crujientes con carne kebab y salsa.',
    'Crispy fries with kebab meat and sauce.',
    7.50,
    'EUR',
    '/brand/real-istanbul-hero-kebab.png',
    '{"tr":["et doner","patates","sos"],"es":["carne kebab","patatas","salsa"],"en":["kebab meat","fries","sauce"]}'::jsonb,
    '["gluten"]'::jsonb,
    820,
    1,
    null,
    null,
    null,
    false,
    false,
    true,
    82,
    20
  ),
  (
    '40000000-0000-0000-0000-000000000003',
    '11111111-1111-1111-1111-111111111111',
    '31111111-1111-1111-1111-111111111111',
    'Kebap Tabagi + Patates',
    'Plato kebab + patatas',
    'Kebab plate + fries',
    'Doyurucu tabakta kebap eti patates salata ve sos.',
    'Plato completo con carne kebab patatas ensalada y salsa.',
    'Full plate with kebab meat fries salad and sauce.',
    8.90,
    'EUR',
    '/brand/real-istanbul-hero-kebab.png',
    '{"tr":["et doner","patates","salata"],"es":["carne kebab","patatas","ensalada"],"en":["kebab meat","fries","salad"]}'::jsonb,
    '["gluten"]'::jsonb,
    850,
    1,
    'Sefin Secimi',
    'Eleccion del chef',
    'Chef''s Choice',
    true,
    false,
    true,
    96,
    30
  ),
  (
    '40000000-0000-0000-0000-000000000004',
    '11111111-1111-1111-1111-111111111111',
    '31111111-1111-1111-1111-111111111111',
    'Kebap Tabagi + Pilav',
    'Plato kebab + arroz',
    'Kebab plate + rice',
    'Klasik tabakta kebap eti pilav salata ve soslar.',
    'Plato clasico con carne kebab arroz ensalada y salsas.',
    'Classic plate with kebab meat rice salad and sauces.',
    8.90,
    'EUR',
    '/brand/real-istanbul-hero-kebab.png',
    '{"tr":["et doner","pirinc","salata"],"es":["carne kebab","arroz","ensalada"],"en":["kebab meat","rice","salad"]}'::jsonb,
    '[]'::jsonb,
    790,
    1,
    null,
    null,
    null,
    false,
    false,
    true,
    88,
    40
  ),
  (
    '40000000-0000-0000-0000-000000000005',
    '11111111-1111-1111-1111-111111111111',
    '31111111-1111-1111-1111-111111111111',
    'Kebap Tabagi',
    'Plato kebab',
    'Kebab plate',
    'Bol kebap eti salata ve ev soslari ile.',
    'Racion de carne kebab con ensalada y salsas de la casa.',
    'Generous kebab meat with salad and house sauces.',
    7.90,
    'EUR',
    '/brand/real-istanbul-hero-kebab.png',
    '{"tr":["et doner","salata","sos"],"es":["carne kebab","ensalada","salsa"],"en":["kebab meat","salad","sauce"]}'::jsonb,
    '[]'::jsonb,
    640,
    1,
    null,
    null,
    null,
    false,
    false,
    true,
    78,
    50
  ),
  (
    '40000000-0000-0000-0000-000000000006',
    '11111111-1111-1111-1111-111111111111',
    '31111111-1111-1111-1111-111111111111',
    'Ekmek Arasi Kebap',
    'Kebab pan',
    'Kebab sandwich',
    'Kizarmis ekmek icinde kebap eti yesillik ve sos.',
    'Pan tostado con carne kebab verduras y salsa.',
    'Toasted bread with kebab meat greens and sauce.',
    5.50,
    'EUR',
    '/brand/dish-kebab-pan.png',
    '{"tr":["ekmek","et doner","salata"],"es":["pan","carne kebab","ensalada"],"en":["bread","kebab meat","salad"]}'::jsonb,
    '["gluten"]'::jsonb,
    560,
    1,
    null,
    null,
    null,
    false,
    false,
    true,
    74,
    60
  ),
  (
    '40000000-0000-0000-0000-000000000007',
    '11111111-1111-1111-1111-111111111111',
    '31111111-1111-1111-1111-111111111111',
    'Kebap Durum',
    'Kebab rollo',
    'Kebab wrap',
    'Lavas icinde kebap eti yesillik ve sos.',
    'Rollo con carne kebab verduras y salsa.',
    'Wrap with kebab meat greens and sauce.',
    6.00,
    'EUR',
    '/brand/dish-kebab-rollo.png',
    '{"tr":["et doner","yesillik","sos"],"es":["carne kebab","verduras","salsa"],"en":["kebab meat","greens","sauce"]}'::jsonb,
    '["gluten"]'::jsonb,
    650,
    1,
    'En Sevilen',
    'Mas pedido',
    'Most ordered',
    true,
    false,
    true,
    94,
    70
  ),
  (
    '40000000-0000-0000-0000-000000000008',
    '11111111-1111-1111-1111-111111111111',
    '31111111-1111-1111-1111-111111111111',
    'Lahmacun',
    'Lahmacun',
    'Lahmacun',
    'Ince hamur uzerinde baharatli kiyma ve limon.',
    'Masa fina con carne especiada y limon fresco.',
    'Thin dough with spiced minced meat and lemon.',
    6.50,
    'EUR',
    '/brand/dish-lahmacun.png',
    '{"tr":["hamur","kiyma","limon"],"es":["masa","carne picada","limon"],"en":["dough","minced meat","lemon"]}'::jsonb,
    '["gluten"]'::jsonb,
    620,
    2,
    null,
    null,
    null,
    false,
    false,
    true,
    80,
    80
  ),
  (
    '40000000-0000-0000-0000-000000000009',
    '11111111-1111-1111-1111-111111111111',
    '31111111-1111-1111-1111-111111111111',
    'Lahmacun Menu',
    'Lahmacun menu',
    'Lahmacun menu',
    'Lahmacun patates sos ve icecek ile.',
    'Lahmacun con patatas salsa y bebida.',
    'Lahmacun with fries sauce and drink.',
    8.90,
    'EUR',
    '/brand/dish-lahmacun.png',
    '{"tr":["lahmacun","patates","icecek"],"es":["lahmacun","patatas","bebida"],"en":["lahmacun","fries","drink"]}'::jsonb,
    '["gluten"]'::jsonb,
    940,
    2,
    null,
    null,
    null,
    false,
    true,
    true,
    86,
    90
  ),
  (
    '40000000-0000-0000-0000-000000000010',
    '11111111-1111-1111-1111-111111111111',
    '31111111-1111-1111-1111-111111111111',
    'Ekmek Arasi Kebap Menu',
    'Kebab pan menu',
    'Kebab sandwich menu',
    'Ekmek arasi kebap patates ve icecek ile.',
    'Kebab en pan con patatas y bebida.',
    'Kebab sandwich with fries and drink.',
    7.90,
    'EUR',
    '/brand/dish-kebab-pan.png',
    '{"tr":["ekmek","et doner","patates","icecek"],"es":["pan","carne kebab","patatas","bebida"],"en":["bread","kebab meat","fries","drink"]}'::jsonb,
    '["gluten"]'::jsonb,
    850,
    1,
    null,
    null,
    null,
    false,
    false,
    true,
    83,
    100
  ),
  (
    '40000000-0000-0000-0000-000000000011',
    '11111111-1111-1111-1111-111111111111',
    '31111111-1111-1111-1111-111111111111',
    'Kebap Durum Menu',
    'Kebab rollo menu',
    'Kebab wrap menu',
    'Kebap durum patates ve icecek ile.',
    'Rollo kebab con patatas y bebida.',
    'Kebab wrap with fries and drink.',
    8.50,
    'EUR',
    '/brand/dish-kebab-rollo.png',
    '{"tr":["durum","patates","icecek"],"es":["rollo","patatas","bebida"],"en":["wrap","fries","drink"]}'::jsonb,
    '["gluten"]'::jsonb,
    930,
    1,
    'Sefin Secimi',
    'Eleccion del chef',
    'Chef''s Choice',
    true,
    false,
    true,
    98,
    110
  ),
  (
    '40000000-0000-0000-0000-000000000012',
    '11111111-1111-1111-1111-111111111111',
    '32222222-2222-2222-2222-222222222222',
    'Tavuk Burger Menu',
    'Hamburguesa pollo menu',
    'Chicken burger menu',
    'Tavuk burger patates ve icecek ile.',
    'Hamburguesa de pollo con patatas y bebida.',
    'Chicken burger with fries and drink.',
    7.50,
    'EUR',
    '/brand/dish-kebab-pan.png',
    '{"tr":["pilic","ekmek","patates"],"es":["pollo","pan","patatas"],"en":["chicken","bread","fries"]}'::jsonb,
    '["gluten","egg"]'::jsonb,
    880,
    0,
    null,
    null,
    null,
    false,
    false,
    true,
    74,
    10
  ),
  (
    '40000000-0000-0000-0000-000000000013',
    '11111111-1111-1111-1111-111111111111',
    '32222222-2222-2222-2222-222222222222',
    'Kucuk Durum',
    'Rollo pequeno',
    'Small wrap',
    'Hafif porsiyon icin kucuk kebap durum.',
    'Rollo pequeno de kebab para una opcion ligera.',
    'Small kebab wrap for a lighter option.',
    4.50,
    'EUR',
    '/brand/dish-kebab-rollo.png',
    '{"tr":["et doner","yesillik","sos"],"es":["carne kebab","verduras","salsa"],"en":["kebab meat","greens","sauce"]}'::jsonb,
    '["gluten"]'::jsonb,
    470,
    1,
    null,
    null,
    null,
    false,
    false,
    true,
    70,
    20
  ),
  (
    '40000000-0000-0000-0000-000000000014',
    '11111111-1111-1111-1111-111111111111',
    '32222222-2222-2222-2222-222222222222',
    'Falafel',
    'Falafel',
    'Falafel',
    'Nohut kofte salata ve sos ile.',
    'Croquetas de garbanzo con ensalada y salsa.',
    'Chickpea bites with salad and sauce.',
    6.00,
    'EUR',
    '/placeholders/falafel.svg',
    '{"tr":["nohut","salata","sos"],"es":["garbanzo","ensalada","salsa"],"en":["chickpea","salad","sauce"]}'::jsonb,
    '["sesame"]'::jsonb,
    540,
    0,
    'Vejetaryen',
    'Vegetariano',
    'Vegetarian',
    true,
    false,
    true,
    84,
    30
  ),
  (
    '40000000-0000-0000-0000-000000000015',
    '11111111-1111-1111-1111-111111111111',
    '32222222-2222-2222-2222-222222222222',
    'Tavuk Nuggets',
    'Nuggets de pollo',
    'Chicken nuggets',
    'Citir tavuk parcalari ve dip sos.',
    'Nuggets crujientes de pollo con salsa.',
    'Crispy chicken nuggets with dip.',
    5.50,
    'EUR',
    '/placeholders/fastfood.svg',
    '{"tr":["tavuk","pane","sos"],"es":["pollo","rebozado","salsa"],"en":["chicken","breadcrumb","sauce"]}'::jsonb,
    '["gluten","egg"]'::jsonb,
    520,
    0,
    null,
    null,
    null,
    false,
    false,
    true,
    68,
    40
  ),
  (
    '40000000-0000-0000-0000-000000000016',
    '11111111-1111-1111-1111-111111111111',
    '32222222-2222-2222-2222-222222222222',
    'Tavuk Kanat',
    'Alitas de pollo',
    'Chicken wings',
    'Soslu citir tavuk kanatlari.',
    'Alitas de pollo crujientes con salsa.',
    'Crispy chicken wings with sauce.',
    6.50,
    'EUR',
    '/placeholders/fastfood.svg',
    '{"tr":["tavuk kanat","baharat","sos"],"es":["alitas","especias","salsa"],"en":["wings","spices","sauce"]}'::jsonb,
    '[]'::jsonb,
    690,
    2,
    null,
    null,
    null,
    false,
    false,
    true,
    76,
    50
  ),
  (
    '40000000-0000-0000-0000-000000000017',
    '11111111-1111-1111-1111-111111111111',
    '32222222-2222-2222-2222-222222222222',
    'Sogan Halkasi',
    'Aros de cebolla',
    'Onion rings',
    'Altin renkli citir sogan halkalari.',
    'Aros de cebolla dorados y crujientes.',
    'Golden crispy onion rings.',
    4.00,
    'EUR',
    '/placeholders/fastfood.svg',
    '{"tr":["sogan","pane"],"es":["cebolla","rebozado"],"en":["onion","breadcrumb"]}'::jsonb,
    '["gluten"]'::jsonb,
    430,
    0,
    null,
    null,
    null,
    false,
    false,
    true,
    58,
    60
  ),
  (
    '40000000-0000-0000-0000-000000000018',
    '11111111-1111-1111-1111-111111111111',
    '32222222-2222-2222-2222-222222222222',
    'Patates Kizartmasi',
    'Patatas fritas',
    'French fries',
    'Klasik citir patates kizartmasi.',
    'Patatas fritas clasicas y crujientes.',
    'Classic crispy french fries.',
    3.50,
    'EUR',
    '/placeholders/fastfood.svg',
    '{"tr":["patates"],"es":["patatas"],"en":["potatoes"]}'::jsonb,
    '[]'::jsonb,
    390,
    0,
    null,
    null,
    null,
    false,
    false,
    true,
    64,
    70
  ),
  (
    '40000000-0000-0000-0000-000000000019',
    '11111111-1111-1111-1111-111111111111',
    '32222222-2222-2222-2222-222222222222',
    'Deluxe Patates',
    'Patatas deluxe',
    'Deluxe potatoes',
    'Baharatli deluxe patates ve ozel sos.',
    'Patatas especiadas con salsa especial.',
    'Seasoned deluxe potatoes with special sauce.',
    4.50,
    'EUR',
    '/placeholders/fastfood.svg',
    '{"tr":["patates","baharat","sos"],"es":["patatas","especias","salsa"],"en":["potatoes","spices","sauce"]}'::jsonb,
    '["milk"]'::jsonb,
    510,
    1,
    'En Sevilen',
    'Mas pedido',
    'Most ordered',
    false,
    false,
    true,
    82,
    80
  ),
  (
    '40000000-0000-0000-0000-000000000020',
    '11111111-1111-1111-1111-111111111111',
    '32222222-2222-2222-2222-222222222222',
    'Firin Patates',
    'Papas al horno',
    'Baked potato',
    'Firin patates sos ve sicak garnitur ile.',
    'Papa al horno con salsa y topping caliente.',
    'Baked potato with sauce and warm topping.',
    5.50,
    'EUR',
    '/placeholders/plate.svg',
    '{"tr":["patates","sos","garnitur"],"es":["papa","salsa","topping"],"en":["potato","sauce","topping"]}'::jsonb,
    '["milk"]'::jsonb,
    620,
    0,
    null,
    null,
    null,
    false,
    false,
    true,
    66,
    90
  ),
  (
    '40000000-0000-0000-0000-000000000021',
    '11111111-1111-1111-1111-111111111111',
    '33333333-3333-3333-3333-333333333333',
    'Kebap Pizza',
    'Pizza kebab',
    'Kebab pizza',
    'Kebap eti ile hazirlanan bol malzemeli pizza.',
    'Pizza con carne kebab salsa y queso fundido.',
    'Pizza with kebab meat sauce and melted cheese.',
    8.90,
    'EUR',
    '/brand/dish-pizza-kebab.png',
    '{"tr":["hamur","kebap eti","peynir"],"es":["masa","carne kebab","queso"],"en":["dough","kebab meat","cheese"]}'::jsonb,
    '["gluten","milk"]'::jsonb,
    940,
    1,
    'Sefin Secimi',
    'Eleccion del chef',
    'Chef''s Choice',
    true,
    false,
    true,
    91,
    10
  ),
  (
    '40000000-0000-0000-0000-000000000022',
    '11111111-1111-1111-1111-111111111111',
    '33333333-3333-3333-3333-333333333333',
    'Iskender Kebap',
    'Iskender kebab',
    'Iskender kebab',
    'Kebap eti ekmek ustu yogurt ve domates sos ile.',
    'Carne kebab sobre pan con yogur y salsa de tomate.',
    'Kebab meat over bread with yogurt and tomato sauce.',
    10.90,
    'EUR',
    '/brand/dish-iskender-kebab.png',
    '{"tr":["et doner","pide","yogurt"],"es":["carne kebab","pan","yogur"],"en":["kebab meat","bread","yogurt"]}'::jsonb,
    '["gluten","milk"]'::jsonb,
    880,
    1,
    'Premium',
    'Premium',
    'Premium',
    false,
    true,
    true,
    89,
    20
  ),
  (
    '40000000-0000-0000-0000-000000000023',
    '11111111-1111-1111-1111-111111111111',
    '34444444-4444-4444-4444-444444444444',
    'Antep Fistikli Tatli',
    'Dulce pistacho',
    'Pistachio dessert',
    'Fistikli serbetli tatli.',
    'Dulce de pistacho con toque turco.',
    'Pistachio dessert with a Turkish touch.',
    3.50,
    'EUR',
    '/brand/dish-baklava-pistachio.png',
    '{"tr":["fistik","hamur","serbet"],"es":["pistacho","masa","almibar"],"en":["pistachio","dough","syrup"]}'::jsonb,
    '["gluten","nuts"]'::jsonb,
    360,
    0,
    null,
    null,
    null,
    false,
    false,
    true,
    74,
    10
  ),
  (
    '40000000-0000-0000-0000-000000000024',
    '11111111-1111-1111-1111-111111111111',
    '34444444-4444-4444-4444-444444444444',
    'Cevizli Tatli',
    'Dulce nueces',
    'Walnut dessert',
    'Cevizli tatli kahve sonrasi icin ideal.',
    'Dulce con nueces ideal para terminar.',
    'Walnut dessert ideal to finish the meal.',
    3.50,
    'EUR',
    '/brand/dish-baklava-pistachio.png',
    '{"tr":["ceviz","hamur","serbet"],"es":["nueces","masa","almibar"],"en":["walnuts","dough","syrup"]}'::jsonb,
    '["gluten","nuts"]'::jsonb,
    380,
    0,
    null,
    null,
    null,
    false,
    false,
    true,
    70,
    20
  ),
  (
    '40000000-0000-0000-0000-000000000025',
    '11111111-1111-1111-1111-111111111111',
    '35555555-5555-5555-5555-555555555555',
    'Gazli Icecekler',
    'Refrescos',
    'Soft drinks',
    'Soguk kutu icecek secenekleri.',
    'Bebidas frias en lata.',
    'Cold canned soft drinks.',
    2.00,
    'EUR',
    '/brand/drink-softs.png',
    '{"tr":["icecek"],"es":["refresco"],"en":["soft drink"]}'::jsonb,
    '[]'::jsonb,
    140,
    0,
    null,
    null,
    null,
    false,
    false,
    true,
    76,
    10
  ),
  (
    '40000000-0000-0000-0000-000000000026',
    '11111111-1111-1111-1111-111111111111',
    '35555555-5555-5555-5555-555555555555',
    'Su',
    'Agua',
    'Water',
    'Soguk sise su.',
    'Botella de agua fria.',
    'Cold bottled water.',
    1.50,
    'EUR',
    '/brand/drink-water.png',
    '{"tr":["su"],"es":["agua"],"en":["water"]}'::jsonb,
    '[]'::jsonb,
    0,
    0,
    null,
    null,
    null,
    false,
    false,
    true,
    68,
    20
  ),
  (
    '40000000-0000-0000-0000-000000000027',
    '11111111-1111-1111-1111-111111111111',
    '35555555-5555-5555-5555-555555555555',
    'Bira',
    'Cerveza',
    'Beer',
    'Soguk bira secenegi.',
    'Cerveza fria.',
    'Cold beer.',
    2.50,
    'EUR',
    '/brand/drink-efes.png',
    '{"tr":["bira"],"es":["cerveza"],"en":["beer"]}'::jsonb,
    '["gluten"]'::jsonb,
    150,
    0,
    null,
    null,
    null,
    false,
    false,
    true,
    54,
    30
  ),
  (
    '40000000-0000-0000-0000-000000000028',
    '11111111-1111-1111-1111-111111111111',
    '35555555-5555-5555-5555-555555555555',
    'Efes',
    'Efes',
    'Efes',
    'Soguk Efes birasi.',
    'Cerveza Efes bien fria.',
    'Cold Efes beer.',
    2.50,
    'EUR',
    '/brand/drink-efes.png',
    '{"tr":["bira"],"es":["cerveza"],"en":["beer"]}'::jsonb,
    '["gluten"]'::jsonb,
    150,
    0,
    null,
    null,
    null,
    false,
    false,
    true,
    56,
    40
  )
on conflict (id) do update set
  restaurant_id = excluded.restaurant_id,
  category_id = excluded.category_id,
  name_tr = excluded.name_tr,
  name_es = excluded.name_es,
  name_en = excluded.name_en,
  description_tr = excluded.description_tr,
  description_es = excluded.description_es,
  description_en = excluded.description_en,
  price = excluded.price,
  currency = excluded.currency,
  image_url = excluded.image_url,
  ingredients = excluded.ingredients,
  allergens = excluded.allergens,
  calories = excluded.calories,
  spice_level = excluded.spice_level,
  badge_tr = excluded.badge_tr,
  badge_es = excluded.badge_es,
  badge_en = excluded.badge_en,
  is_signature = excluded.is_signature,
  is_anchor = excluded.is_anchor,
  is_available = excluded.is_available,
  sales_priority = excluded.sales_priority,
  order_index = excluded.order_index,
  updated_at = now();
